{"stats":{"minecraft:mined":{"minecraft:dandelion":3,"minecraft:crafting_table":3,"minecraft:cobblestone":19,"horror_element_mod:trapped_leg":1,"minecraft:oxeye_daisy":2,"minecraft:smooth_stone":2,"minecraft:iron_ore":11,"horror_element_mod:human_remains":4,"minecraft:azure_bluet":1,"minecraft:grass":2,"minecraft:potatoes":1,"minecraft:oak_log":17,"minecraft:coal_ore":26,"minecraft:cobweb":8,"bunker_down:steel_block":2,"minecraft:stone":33,"minecraft:oak_leaves":3},"minecraft:killed":{"born_in_chaos_v1:barrel_zombie":1,"minecraft:pig":1,"spore:inf_player":1,"born_in_chaos_v1:skeleton_thrasher_not_despawn":1,"spore:inf_pillager":2,"minecraft:sheep":10,"minecraft:zombie":1,"spore:inf_human":3,"born_in_chaos_v1:corpse_fly":7},"minecraft:broken":{"minecraft:chainmail_chestplate":1},"minecraft:dropped":{"born_in_chaos_v1:fried_maggot":6,"alexsmobs:animal_dictionary":1,"comforts:sleeping_bag_light_gray":1,"minecraft:cooked_mutton":3,"born_in_chaos_v1:corpse_maggot":1,"comforts:sleeping_bag_white":1},"minecraft:custom":{"minecraft:interact_with_furnace":22,"minecraft:mob_kills":27,"minecraft:interact_with_crafting_table":10,"minecraft:open_barrel":3,"minecraft:damage_dealt_resisted":655,"minecraft:leave_game":5,"minecraft:time_since_death":40054,"minecraft:sleep_in_bed":8,"minecraft:climb_one_cm":28323,"minecraft:time_since_rest":10306,"minecraft:sprint_one_cm":109003,"minecraft:damage_taken":1363,"minecraft:walk_one_cm":258423,"minecraft:drop":7,"minecraft:damage_dealt":3276,"minecraft:swim_one_cm":21448,"minecraft:fly_one_cm":205728,"minecraft:open_chest":31,"minecraft:crouch_one_cm":4023,"minecraft:play_time":83920,"tombstone:undead_killed":4,"minecraft:deaths":3,"minecraft:sneak_time":1669,"minecraft:walk_under_water_one_cm":8221,"minecraft:jump":671,"minecraft:walk_on_water_one_cm":2351,"minecraft:total_world_time":83920,"minecraft:fall_one_cm":19003},"minecraft:picked_up":{"born_in_chaos_v1:corpse_maggot":8,"spore:mutated_heart":2,"minecraft:crafting_table":3,"minecraft:azure_bluet":1,"bunker_down:brittle_pickaxe":1,"minecraft:salmon":2,"minecraft:potato":6,"minecraft:flint":1,"minecraft:oak_log":17,"minecraft:chainmail_chestplate":1,"minecraft:gunpowder":2,"minecraft:dirt":30,"minecraft:string":10,"bunker_down:steel_block":2,"minecraft:bone":1,"minecraft:wheat_seeds":8,"minecraft:smooth_stone":2,"minecraft:iron_ingot":12,"minecraft:stone_pickaxe":1,"spore:mutated_fiber":13,"minecraft:light_gray_wool":3,"minecraft:oak_planks":60,"minecraft:iron_sword":1,"minecraft:stick":11,"minecraft:raw_iron":11,"minecraft:black_candle":2,"spore:cerebrum":2,"minecraft:dandelion":3,"minecraft:gravel":1,"minecraft:porkchop":1,"tombstone:grave_dust":1,"alexsmobs:animal_dictionary":2,"minecraft:light_gray_bed":1,"minecraft:rotten_flesh":23,"minecraft:stone_axe":1,"minecraft:soul_lantern":1,"realistictorches:unlit_torch":4,"horror_element_mod:trapped_leg":1,"minecraft:gray_wool":1,"spore:spine_fragment":6,"minecraft:oak_sapling":6,"minecraft:mutton":13,"minecraft:coal":27,"minecraft:white_wool":12,"minecraft:cobblestone":57,"minecraft:oxeye_daisy":2},"minecraft:crafted":{"minecraft:yellow_wool":2,"minecraft:oak_planks":68,"minecraft:crafting_table":1,"comforts:sleeping_bag_white":1,"minecraft:furnace":1,"minecraft:light_gray_wool":2,"minecraft:cooked_salmon":2,"minecraft:bone_meal":3,"minecraft:stone_axe":1,"comforts:sleeping_bag_light_gray":1,"minecraft:cooked_mutton":7,"minecraft:air":0,"minecraft:wooden_hoe":1,"minecraft:iron_chestplate":1,"minecraft:yellow_dye":3,"born_in_chaos_v1:fried_maggot":7,"minecraft:stick":8,"minecraft:iron_pickaxe":1,"minecraft:iron_ingot":11,"minecraft:stone_pickaxe":1,"realistictorches:unlit_torch":4,"minecraft:light_gray_dye":3},"minecraft:used":{"minecraft:wheat_seeds":2,"minecraft:cooked_mutton":4,"minecraft:stone_pickaxe":80,"minecraft:iron_sword":92,"born_in_chaos_v1:spawn_structure_mound_hounds":1,"born_in_chaos_v1:fried_maggot":1,"minecraft:cooked_salmon":2,"born_in_chaos_v1:pumpkin_spirit_spawn_egg":1,"minecraft:iron_chestplate":1,"minecraft:dirt":4,"minecraft:crafting_table":4,"bunker_down:brittle_pickaxe":12,"born_in_chaos_v1:spawn_structures_lookout_tower":1,"minecraft:redstone_torch":1,"minecraft:wooden_hoe":7,"minecraft:iron_pickaxe":1,"born_in_chaos_v1:spawn_structures_clown_cart":1,"born_in_chaos_v1:spawn_structures_dark_tower":1,"born_in_chaos_v1:spawn_structures_firewell":1,"minecraft:gravel":1,"minecraft:stone_axe":10,"minecraft:cobblestone":23,"born_in_chaos_v1:spawn_structures_farm":1,"minecraft:furnace":1,"minecraft:oak_sapling":2,"tombstone:gift":1,"alexsmobs:animal_dictionary":1,"minecraft:potato":8,"minecraft:bone_meal":3,"minecraft:light_gray_bed":1},"minecraft:killed_by":{"minecraft:player":1,"minecraft:skeleton":1,"minecraft:zombie":1}},"DataVersion":3120}