{"stats":{"minecraft:dropped":{"minecraft:grass_block":1},"minecraft:used":{"alexsmobs:spawn_egg_underminer":1,"minecraft:torch":4,"minecraft:water_bucket":48,"bunker_down:steel_block":12,"minecraft:sand":63,"spore:inf_pillager_spawnegg":2,"minecraft:bow":5,"minecraft:light_gray_concrete":9,"born_in_chaos_v1:ethereal_spirit":4,"minecraft:grass_block":12,"minecraft:sponge":11,"minecraft:kelp":6,"spore:inf_wanderer_spawnegg":1},"minecraft:picked_up":{"minecraft:arrow":2,"minecraft:kelp":1,"born_in_chaos_v1:ethereal_spirit":1,"minecraft:lever":1,"minecraft:string":1},"minecraft:custom":{"minecraft:time_since_rest":273741,"minecraft:open_chest":9,"minecraft:crouch_one_cm":405,"minecraft:play_time":273741,"minecraft:sprint_one_cm":4611,"minecraft:walk_one_cm":37587,"minecraft:sneak_time":4452,"minecraft:walk_under_water_one_cm":162575,"minecraft:trigger_trapped_chest":1,"minecraft:drop":1,"minecraft:jump":48,"minecraft:leave_game":2,"minecraft:walk_on_water_one_cm":20214,"minecraft:time_since_death":273741,"minecraft:climb_one_cm":7600,"minecraft:total_world_time":273741,"minecraft:target_hit":4,"minecraft:fly_one_cm":1309956}},"DataVersion":3120}