{"stats":{"minecraft:killed":{"born_in_chaos_v1:door_knight_not_despawn":1,"born_in_chaos_v1:zombie_clown_not_despawn":1,"born_in_chaos_v1:pumpkin_spirit":2,"minecraft:spider":1,"born_in_chaos_v1:dread_hound_not_despawn":3,"minecraft:zombie_horse":2,"minecraft:creeper":1,"minecraft:horse":1,"minecraft:sheep":4,"born_in_chaos_v1:corpse_fly":4,"aquaculture:brown_trout":1,"aquaculture:perch":3},"minecraft:mined":{"croptopia:sweetpotato_crop":1,"horror_element_mod:hanging_villager":1,"minecraft:crafting_table":1,"minecraft:ladder":1,"minecraft:grass_block":1,"minecraft:light_gray_bed":2,"minecraft:cobblestone":3,"minecraft:sugar_cane":1,"horror_element_mod:trapped_leg":1,"minecraft:skeleton_skull":1,"horror_element_mod:phished_head":1,"horror_element_mod:spiked_villager":1,"croptopia:peach_crop":15,"minecraft:grass":1,"minecraft:oak_log":22,"minecraft:vine":1,"minecraft:dirt":1,"bunker_down:steel_block":2,"minecraft:stone":1,"minecraft:oak_leaves":3},"minecraft:dropped":{"minecraft:iron_ingot":11,"minecraft:iron_sword":1,"spore:spine_fragment":2,"minecraft:stone_axe":1,"minecraft:wheat_seeds":2,"alexsmobs:animal_dictionary":1,"minecraft:tnt":1,"born_in_chaos_v1:ethereal_spirit":1,"minecraft:soul_lantern":1,"minecraft:rotten_flesh":3,"minecraft:light_gray_wool":1,"minecraft:oak_planks":60,"spore:cerebrum":1,"useless_sword:shulker_helmet":1,"spore:mutated_fiber":5,"minecraft:stick":7,"minecraft:dirt":15,"minecraft:potato":1,"minecraft:black_candle":2,"minecraft:gunpowder":1,"born_in_chaos_v1:corpse_maggot":2,"minecraft:oak_sapling":2,"tombstone:grave_dust":1,"tacz:modern_kinetic_gun":1,"realistictorches:unlit_torch":4,"minecraft:stone_pickaxe":1,"spore:mutated_heart":1,"bunker_down:brittle_pickaxe":1,"minecraft:string":4,"minecraft:white_wool":5},"minecraft:custom":{"minecraft:interact_with_furnace":24,"minecraft:mob_kills":25,"minecraft:interact_with_crafting_table":3,"minecraft:damage_dealt_resisted":179,"minecraft:leave_game":1,"minecraft:time_since_death":36015,"minecraft:sleep_in_bed":9,"minecraft:climb_one_cm":22286,"minecraft:time_since_rest":10306,"minecraft:sprint_one_cm":125560,"minecraft:damage_taken":1073,"minecraft:walk_one_cm":54783,"minecraft:trigger_trapped_chest":5,"minecraft:drop":42,"minecraft:damage_dealt":3550,"minecraft:swim_one_cm":3955,"minecraft:fly_one_cm":320368,"minecraft:player_kills":3,"minecraft:open_chest":11,"minecraft:crouch_one_cm":1056,"tombstone:undead_killed":4,"minecraft:play_time":43719,"minecraft:deaths":1,"minecraft:sneak_time":930,"minecraft:walk_under_water_one_cm":262,"tombstone:tomb_raiding":2,"minecraft:jump":806,"minecraft:walk_on_water_one_cm":753,"minecraft:total_world_time":43719,"minecraft:fall_one_cm":16389},"minecraft:picked_up":{"born_in_chaos_v1:corpse_maggot":9,"minecraft:crafting_table":1,"minecraft:ladder":1,"croptopia:peach":16,"croptopia:sweetpotato_seed":2,"minecraft:oak_log":22,"minecraft:dirt":2,"minecraft:string":8,"comforts:sleeping_bag_light_gray":3,"bunker_down:steel_block":2,"born_in_chaos_v1:intoxicating_decoction":1,"horror_element_mod:phished_head":1,"croptopia:sweetpotato":1,"minecraft:wheat_seeds":5,"comforts:sleeping_bag_white":1,"minecraft:sugar_cane":4,"minecraft:stick":3,"born_in_chaos_v1:ethereal_spirit":1,"minecraft:pointed_dripstone":1,"born_in_chaos_v1:fried_maggot":6,"minecraft:rotten_flesh":12,"minecraft:hay_block":1,"horror_element_mod:trapped_leg":1,"minecraft:gray_wool":1,"minecraft:oak_sapling":3,"minecraft:mutton":7,"minecraft:skeleton_skull":1,"minecraft:white_wool":3,"minecraft:cobblestone":4},"minecraft:crafted":{"minecraft:oak_planks":24,"minecraft:crafting_table":1,"minecraft:stone_axe":1,"minecraft:cooked_mutton":5,"minecraft:air":0,"born_in_chaos_v1:fried_maggot":7,"minecraft:stick":8,"minecraft:stone_pickaxe":1,"minecraft:stone_sword":1},"minecraft:used":{"minecraft:cooked_mutton":6,"comforts:sleeping_bag_light_gray":2,"minecraft:stone_sword":7,"minecraft:flint_and_steel":5,"born_in_chaos_v1:ethereal_spirit":6,"minecraft:stone_pickaxe":6,"horror_element_mod:phished_head":2,"minecraft:ladder":1,"born_in_chaos_v1:intoxicating_decoction":3,"minecraft:iron_sword":3,"born_in_chaos_v1:fried_maggot":13,"minecraft:rotten_flesh":3,"minecraft:dirt":2,"minecraft:tnt":4,"minecraft:crafting_table":1,"croptopia:sweetpotato":1,"horror_element_mod:human_remains":4,"bunker_down:steel_block":2,"gobber2:gobber2_sword_sniper":11,"minecraft:stone_axe":61,"croptopia:peach":16,"minecraft:cobblestone":12,"minecraft:oak_sapling":3,"tombstone:gift":2,"horror_element_mod:trapped_leg":1,"minecraft:skeleton_skull":4,"comforts:sleeping_bag_white":2,"minecraft:cobweb":6},"minecraft:killed_by":{"alexsmobs:bison":1}},"DataVersion":3120}