{"stats":{"minecraft:killed":{"minecraft:pig":4,"alexsmobs:raccoon":1,"minecraft:cow":1},"minecraft:mined":{"croptopia:orange_crop":4,"minecraft:grass_block":3,"minecraft:tall_grass":16,"minecraft:wall_torch":1,"minecraft:hay_block":9,"horror_element_mod:phished_head":1,"minecraft:andesite":2,"minecraft:pumpkin":16,"minecraft:grass":42,"minecraft:potatoes":2,"minecraft:oak_log":35,"croptopia:apple_crop":5,"minecraft:stone":40,"minecraft:oak_leaves":22},"minecraft:dropped":{"minecraft:potato":2,"tombstone:grave_key":1},"minecraft:custom":{"minecraft:interact_with_furnace":1,"minecraft:mob_kills":8,"minecraft:interact_with_crafting_table":6,"minecraft:leave_game":1,"minecraft:time_since_death":25202,"minecraft:sleep_in_bed":7,"minecraft:climb_one_cm":27753,"minecraft:time_since_rest":10300,"minecraft:sprint_one_cm":69566,"minecraft:walk_one_cm":169190,"minecraft:damage_taken":1934,"minecraft:drop":3,"minecraft:damage_dealt":980,"minecraft:fly_one_cm":231985,"minecraft:open_chest":8,"minecraft:crouch_one_cm":5964,"minecraft:play_time":52030,"minecraft:deaths":3,"minecraft:sneak_time":3398,"minecraft:walk_under_water_one_cm":427,"minecraft:jump":770,"minecraft:walk_on_water_one_cm":4648,"minecraft:total_world_time":52030,"minecraft:fall_one_cm":23471},"minecraft:picked_up":{"born_in_chaos_v1:corpse_maggot":3,"minecraft:cooked_beef":2,"croptopia:peach":1,"minecraft:andesite":2,"minecraft:leather":5,"minecraft:potato":4,"minecraft:oak_log":35,"minecraft:dirt":15,"minecraft:cooked_mutton":3,"horror_element_mod:phished_head":1,"minecraft:bone":3,"minecraft:apple":4,"minecraft:wheat_seeds":8,"comforts:sleeping_bag_white":2,"minecraft:beef":2,"spore:mutated_fiber":4,"minecraft:pumpkin":15,"minecraft:porkchop":8,"travelersbackpack:fox":1,"minecraft:arrow":2,"minecraft:light_gray_bed":1,"minecraft:rotten_flesh":1,"realistictorches:unlit_torch":1,"croptopia:orange":10,"minecraft:hay_block":9,"spore:spine_fragment":1,"minecraft:oak_sapling":2,"minecraft:cobblestone":39},"minecraft:crafted":{"minecraft:wooden_sword":2,"minecraft:oak_planks":132,"minecraft:crafting_table":4,"minecraft:wooden_pickaxe":2,"minecraft:stone_axe":1,"minecraft:cooked_mutton":2,"minecraft:stick":16,"minecraft:stone_pickaxe":1,"minecraft:wooden_axe":2,"minecraft:stone_sword":1},"minecraft:used":{"minecraft:cooked_mutton":2,"minecraft:stone_sword":37,"minecraft:stone_pickaxe":37,"minecraft:wooden_pickaxe":6,"minecraft:tnt":601,"minecraft:crafting_table":4,"croptopia:orange":6,"minecraft:wooden_axe":77,"minecraft:apple":4,"minecraft:wooden_sword":46,"minecraft:porkchop":5,"minecraft:poisonous_potato":3,"minecraft:andesite":2,"alexsmobs:animal_dictionary":1,"comforts:sleeping_bag_white":1,"minecraft:potato":24,"minecraft:pumpkin":2,"travelersbackpack:fox":6},"minecraft:killed_by":{"minecraft:player":2,"minecraft:zombie":1}},"DataVersion":3120}